{
  "project_info": {
    "project_number": "382937787480",
    "firebase_url": "https://courseapp-b0c9e.firebaseio.com",
    "project_id": "courseapp-b0c9e",
    "storage_bucket": "courseapp-b0c9e.appspot.com"
  },
  "client": [
    {
      "client_info": {
        "mobilesdk_app_id": "1:382937787480:android:93638b746d2b408f",
        "android_client_info": {
          "package_name": "com.example.mob.courseapp"
        }
      },
      "oauth_client": [
        {
          "client_id": "382937787480-arbeh0ra5qc3oeh341s9u8eqqqqt5hko.apps.googleusercontent.com",
          "client_type": 1,
          "android_info": {
            "package_name": "com.example.mob.courseapp",
            "certificate_hash": "c2df50d33a20b31e74d7fc9b43f6e1bc7406471f"
          }
        },
        {
          "client_id": "382937787480-vku5i47kb8ssuiubkb1n1hv3dc02ptq9.apps.googleusercontent.com",
          "client_type": 3
        }
      ],
      "api_key": [
        {
          "current_key": "AIzaSyCMaJ-rcYGOu4-6RkY4czMnOras-O0QFfA"
        }
      ],
      "services": {
        "analytics_service": {
          "status": 1
        },
        "appinvite_service": {
          "status": 2,
          "other_platform_oauth_client": [
            {
              "client_id": "382937787480-vku5i47kb8ssuiubkb1n1hv3dc02ptq9.apps.googleusercontent.com",
              "client_type": 3
            }
          ]
        },
        "ads_service": {
          "status": 2
        }
      }
    }
  ],
  "configuration_version": "1"
}